ts	phase	decision	why	evidence	result
2026-10-09T18:49:05.0006096Z	frame	Move the source collector to Rust in an isolated branch	The user selected Rust and the current workspace contains unrelated changes	task.md; commit 27abd3a40337a45207168876013b2ccb7bdc3dde	grounding in progress
2026-10-09T18:54:15.3659400Z	baseline	Freeze the collector contract at the current stack tip	Rust must preserve source outcomes and advancing playback eligibility	baseline-tests.log; grounding.md	779 passed; 1 existing skip; 0 failures
2026-10-09T18:56:50.6576936Z	scope	Include HTTP detail locators and both browser sweep state machines in Rust	A parser-only wrapper would leave substantive collection decisions in JavaScript	grounding.md; design-addon.md; design-sidecar.md	designs complete; independent judgment and ABI probe pending
2026-10-09T18:59:10.6085734Z	design	Select the in-process addon with private Rust resolver and browser effect machines	It preserves caller sequencing and adds no collector processes; reject unrelated DNS changes	design-judgment.md; design-addon.md; design-sidecar.md	selected; ABI proof and scaffold in progress
2026-10-09T19:01:55.6025277Z	native-load	Load one Rust binary in Node and Electron main and worker environments	The addon architecture needs a proven common ABI before source migration	abi-probe/addon-path.json; abi-probe/node.json; abi-probe/electron.json	VERIFIED basic exports and async calls; restart thread test pending
2026-10-09T19:01:55.6180442Z	parity	Freeze full-object parser and sweep outputs before the Rust port	Counts alone would miss identity ordering and classification changes	commit 30e0c7f; tests/record-collector-parity.mjs; tests/fixtures/collector-parity.json	baseline replay passed; 16 positive listing kernels and 2 browser parsers; 47 entries enumerated
2026-10-09T19:07:42.7851023Z	runtime	Replace binding-library async lifecycle with an explicit process-lifetime runtime and deferred results	The library falls back to an unbounded default runtime after environment teardown	abi-probe/restart-main-first.json; abi-probe/restart-main-after.json; commit 5dfe15c	VERIFIED ten worker restarts per variant observed only two Rust runtime thread IDs
2026-10-09T19:07:42.7961013Z	harness	Honor the per-case timestamp in the parser benchmark before timing	The SWAC parity case uses an older observation window and initially failed the benchmark assertion	tests/benchmark-collector.mjs; parser-baseline-1.json	corrected; baseline full-object assertions passed and 2500 observations consumed
2026-10-09T19:07:42.7971008Z	core	Build the shared Rust contracts HTML time registry and runtime helpers	Every source port needs the same stable types identity and bounded runtime	commit 5dfe15c	6 Rust tests passed; build and format passed
2026-10-09T19:21:29.2587151Z	parser-port
2026-10-09T19:21:29.2942354Z	Merge all HTML listing, JSON listing and resolver, and browser parser and sweep kernels
2026-10-09T19:21:29.2952338Z	Keep port units independently checked before integrating native HTTP and callers
2026-10-09T19:21:29.2962342Z	commits 8e5c0bd, 3e69a75, 8198482
2026-10-09T19:21:29.2972352Z	full recorded parser objects and browser checkpoint traces passed in native module tests; production wiring pending
2026-10-09T19:34:38.5440150Z	native-port	Finish native HTTP and HTML detail collection and wire synchronous native exports	Production collection must run Rust while Chromium navigation and playback remain in Electron	commit 6b0ef71; native/collector/src/lib.rs; tests/native-collector-build.test.ts	27 Rust tests and native format passed; JS typecheck passed; release addon building
2026-10-09T19:39:35.2685545Z	native-runtime	Verify the real collector addon across Electron environment teardown	Prototype proof alone was not enough for the application addon	tests/native-collector.electron.cjs; native-electron-main-first.json; native-electron-main-after.json	both scenarios passed 19 full listing objects, 10 worker restarts, and 3 pending-read worker unloads
2026-10-09T19:39:35.3096110Z	performance	Reject the first Rust parser timing and cache fixed regular expressions before shipping	The first parser build reduced memory but used roughly five times the baseline CPU	parser-native-1.json; parser-native-by-case.json; parser-baseline-1.json	initial timing rejected; native compile-once pattern fix in progress
2026-10-09T19:39:35.3106113Z	integration	Adapt the remaining fake-fetch tests and preserve TimeoutError at the native boundary	Native collection intentionally bypasses JavaScript fetch; native timeout wrapping broke motorsports retry detection	full-tests.log; lib/football/adapters/sources.ts; tests/sportsurge-league-collection.test.ts	first full run 767 passed, 22 failed, 1 skipped; test migration and boundary fix in progress
2026-10-09T19:51:03.9757008Z	review	Fix the two independently reproduced resolver failures and replace unsafe player casts	The native boundary must preserve source backoff and cancel malformed batches without moving parser policy into JavaScript	implementation-review.md; wire-design-a.md; wire-design-b.md; wire-design-judgment.md	review revise; chosen domain schema reuse; native per-response validation and error reference fixes in progress
2026-10-09T19:57:12.6565623Z	trail-correction	Correct the malformed parser-port record by appending its complete six-column form	The original five fragments at 19:21 remain as append-only history; this row restores the auditable decision	commits 8e5c0bd, 3e69a75, 8198482; original rows 11-15	HTML and JSON listing/resolver and browser parser/sweep kernels merged after full-object and sweep parity checks; production wiring was pending then
2026-10-09T20:02:31.5540710Z	resolver-review	Clear retry and malformed-response findings with native validation and owner-local error references	Preserve rate limits and release siblings promptly without a JavaScript parser fallback	commits 50d3b0d, 74aa01e; implementation-review.md	focused regression 2/2; native fixture error identity and cancellation independently verified
2026-10-09T20:02:31.6101278Z	parser-performance	Accept cached-regex parser benchmark after rejecting the first CPU regression	The final parser must improve cost without changing the frozen output	parser-ready-baseline-1.json through -3.json; parser-ready-native-1.json through -3.json	median CPU 969 to 439 ms; sampled process RSS 180768768 to 90927104 bytes; whole app memory not established
2026-10-09T20:02:31.6301645Z	local-apply	Apply the reviewed owned delta with file backups and exact legacy deletion allowlist	The working root includes unrelated user edits that must remain untouched	rust-collector-first-root-sync.json; sync-reviewed-rust-delta.mjs	72 changed files applied; 9 obsolete collector files backed up then removed; no conflicts; root tsconfig hash preserved
2026-10-09T20:02:31.6311644Z	fixture-sync	Wait for source mutation and native cancellation acknowledgements in fixture tests	Wall-clock deadline and immediate cancellation assertions raced native work under the full parallel suite	commits 3c48ad6, ecd6c29; full-tests-ready.log	test-only fixes; production deadlines unchanged; final full suite pending
2026-10-09T20:15:54.4083696Z	http-parity	Decode gzip brotli and deflate with the native HTTP transport before enforcing body limits	The old fetch transport transparently decoded these encodings and missing Accept-Encoding permits compression	commit 65e8c21; native_transport_decodes_compressed_body_before_enforcing_page_cap	28 native tests pass; all three decoded formats and over-limit expanded gzip verified; URL policy unchanged
2026-10-09T20:15:54.5672601Z	full-suite	Accept event-based compiled fixture synchronization and verify the physical root	The failure census isolated old timing assumptions to compiled-preparation fixtures; production stop deadlines remain tested	fixture-failure-census.json; commit f937b0c; root-full-tests-final.log	792 tests: 791 pass, 1 existing skip, 0 failures
2026-10-09T20:15:54.5692591Z	packaging-trace	Remove broad dynamic artifact tracing and explicitly exclude Rust build inputs	Actual default build copied the compiler cache; runtime packaging must contain the prepared addon only	commits a2a94c6, 912be54, 7ead203; default-build-final.log; standalone rejection	whole-project warning removed; new installed-artifact guard detected remaining native cache; fresh excluded build in progress
2026-10-09T20:31:17.6615227Z	installed-artifact	Accept the prepared standalone and Windows x64 app after testing outside the checkout without Cargo	ABI tests alone do not prove the installed main and server can load the native collector	package-build.log; packaged-launch.json; packaged-api-proof.json; packaged-candidate-proof.json; installed-native-http.json	HTTP200 game/source APIs; 413 games; 1173 listings; 1118 published candidates; 14 complete scopes; native SWAC and PPV read with JS fetch disabled
2026-10-09T20:31:17.7932795Z	final-parser-cost	Record the final main-checkout native artifact rather than the earlier candidate timing	Performance claims must refer to the actual binary used by the package	parser-installed-baseline-1.json through -3.json; parser-installed-native-1.json through -3.json; addon 9d926962934d7d7e	median CPU984 to563ms and sampled RSS180862976 to90746880 bytes; about43pct CPU and50pct RSS reduction
2026-10-09T20:31:17.8082370Z	whole-app-limit	Keep the 500MiB whole-app result negative and stop the isolated installed fixture	A Rust collector benchmark does not measure Chromium and the fresh app still exceeds the target	packaged-resources.json; packaged-app.png; process24516 stop result	61sec early-use sample mean1704.71MiB peak1899.17MiB private; GPU575.75MiB at peak; fixture stopped and original profile untouched
2026-10-09T20:35:01.9936441Z	final-review	Approve the Rust migration with explicitly bounded runtime claims	Independent evidence review cleared resolver compression tracing and installed artifact findings	implementation-review.md; commits 50d3b0d, 65e8c21, a2a94c6, 7ead203; final runtime artifacts	approved;500MiB unmet; first browser sweeps partial; no all-provider playback or NSIS-install proof; reviewer same family and limited parent transcript
